{"cameraMode":{"drawMode":0,"name":"Shaded","section":"Shading Mode"},"sceneLighting":true,"audioPlay":false,"sceneViewState":{"m_AlwaysRefresh":false,"showFog":true,"showSkybox":true,"showFlares":true,"showImageEffects":true,"showParticleSystems":true,"showVisualEffectGraphs":true,"m_FxEnabled":true},"in2DMode":false,"pivot":{"x":-1.4811111688613892,"y":1.3265806436538697,"z":2.8278472423553469},"rotation":{"x":-0.12680961191654206,"y":-0.029154719784855844,"z":0.00374480988830328,"w":-0.9915474653244019},"size":1.3242233991622925,"orthographic":false}