{"cameraMode":{"drawMode":0,"name":"Shaded","section":"Shading Mode"},"sceneLighting":true,"audioPlay":false,"sceneViewState":{"m_AlwaysRefresh":false,"showFog":true,"showSkybox":true,"showFlares":true,"showImageEffects":true,"showParticleSystems":true,"showVisualEffectGraphs":true,"m_FxEnabled":true},"in2DMode":false,"pivot":{"x":-7.454473495483398,"y":0.8693695068359375,"z":-7.052787780761719},"rotation":{"x":0.001972717698663473,"y":-0.9887349605560303,"z":0.14943170547485352,"w":0.013074027374386788},"size":7.0440568923950199,"orthographic":false}