{"cameraMode":{"drawMode":0,"name":"Shaded","section":"Shading Mode"},"sceneLighting":true,"audioPlay":false,"sceneViewState":{"m_AlwaysRefresh":false,"showFog":true,"showSkybox":true,"showFlares":true,"showImageEffects":true,"showParticleSystems":true,"showVisualEffectGraphs":true,"m_FxEnabled":true},"in2DMode":false,"pivot":{"x":-1.1299999952316285,"y":1.4500000476837159,"z":0.06999999284744263},"rotation":{"x":0.12065262347459793,"y":0.8332781791687012,"z":-0.20074054598808289,"w":0.5008342862129211},"size":1.671892762184143,"orthographic":false}