{"cameraMode":{"drawMode":0,"name":"Shaded","section":"Shading Mode"},"sceneLighting":true,"audioPlay":false,"sceneViewState":{"m_AlwaysRefresh":false,"showFog":true,"showSkybox":true,"showFlares":true,"showImageEffects":true,"showParticleSystems":true,"showVisualEffectGraphs":true,"m_FxEnabled":true},"in2DMode":false,"pivot":{"x":5.380111217498779,"y":0.03715946525335312,"z":1.7762781381607056},"rotation":{"x":-0.051233015954494479,"y":0.9380315542221069,"z":-0.15793758630752564,"w":-0.304415225982666},"size":3.8460781574249269,"orthographic":false}