{"cameraMode":{"drawMode":0,"name":"Shaded","section":"Shading Mode"},"sceneLighting":true,"audioPlay":false,"sceneViewState":{"m_AlwaysRefresh":false,"showFog":true,"showSkybox":true,"showFlares":true,"showImageEffects":true,"showParticleSystems":true,"showVisualEffectGraphs":true,"m_FxEnabled":true},"in2DMode":false,"pivot":{"x":0.18367809057235719,"y":1.5256786346435547,"z":-0.708271324634552},"rotation":{"x":-0.022048184648156167,"y":0.9643716812133789,"z":-0.24953636527061463,"w":-0.0852886512875557},"size":3.2884223461151125,"orthographic":false}