{"cameraMode":{"drawMode":0,"name":"Shaded","section":"Shading Mode"},"sceneLighting":false,"audioPlay":false,"sceneViewState":{"m_AlwaysRefresh":false,"showFog":true,"showSkybox":false,"showFlares":true,"showImageEffects":true,"showParticleSystems":true,"showVisualEffectGraphs":true,"m_FxEnabled":true},"in2DMode":false,"pivot":{"x":0.0000024437904357910158,"y":0.5891275405883789,"z":0.06247431039810181},"rotation":{"x":-0.0905199721455574,"y":-0.8577669262886047,"z":0.1619546264410019,"w":-0.4794570207595825},"size":1.1023849248886109,"orthographic":false}