{"cameraMode":{"drawMode":0,"name":"Shaded","section":"Shading Mode"},"sceneLighting":false,"audioPlay":false,"sceneViewState":{"m_AlwaysRefresh":false,"showFog":true,"showSkybox":false,"showFlares":true,"showImageEffects":true,"showParticleSystems":true,"showVisualEffectGraphs":true,"m_FxEnabled":true},"in2DMode":false,"pivot":{"x":0.3833576738834381,"y":-0.15890145301818849,"z":-0.33563321828842165},"rotation":{"x":-0.009417759254574776,"y":-0.9861474633216858,"z":0.1545027196407318,"w":-0.06012578308582306},"size":0.6625558733940125,"orthographic":false}