{"cameraMode":{"drawMode":0,"name":"Shaded","section":"Shading Mode"},"sceneLighting":false,"audioPlay":false,"sceneViewState":{"m_AlwaysRefresh":false,"showFog":false,"showSkybox":false,"showFlares":false,"showImageEffects":false,"showParticleSystems":false,"showVisualEffectGraphs":true,"m_FxEnabled":true},"in2DMode":false,"pivot":{"x":0.02090194821357727,"y":1.7314302921295167,"z":-0.3891644775867462},"rotation":{"x":-0.0050660367123782639,"y":-0.985981822013855,"z":0.16418999433517457,"w":-0.030473079532384874},"size":1.3798998594284058,"orthographic":false}